Código Nacional|Nombre Estación|Comuna|Región|Latitud|Longitud|Organismo|Datos Desde|Datos Hasta
170001|Visviri Tenencia|General Lagos|Arica y Parinacota|-17.594999|-69.477499|Dirección Meteorológica de Chile|2013|2020
170007|Visviri INIA|General Lagos|Arica y Parinacota|-17.594721|-69.475277|Instituto de Investigación Agropecuaria|2019|2023
180005|Chacalluta, Arica Ap.|Arica|Arica y Parinacota|-18.355555|-70.340277|Dirección Meteorológica de Chile|1955|2023
180013|El Buitre Arica Ad.|Arica|Arica y Parinacota|-18.508611|-70.287221|Dirección Meteorológica de Chile|1952|1973
180017|Putre|Putre|Arica y Parinacota|-18.2|-69.5625|Dirección Meteorológica de Chile|2017|2023
180018|Defensa Civil, Arica|Arica|Arica y Parinacota|-18.49111|-70.301388|Dirección Meteorológica de Chile|2017|2023
180029|Putre INIA|Putre|Arica y Parinacota|-18.196944|-69.553888|Instituto de Investigación Agropecuaria|2019|2023
180030|Socoroma|Putre|Arica y Parinacota|-18.263888|-69.607777|Instituto de Investigación Agropecuaria|2019|2023
180031|Lago Chungará|Putre|Arica y Parinacota|-18.280832|-69.138055|Instituto de Investigación Agropecuaria|2019|2023
180032|Lluta Alto|Arica|Arica y Parinacota|-18.39361|-69.963333|Instituto de Investigación Agropecuaria|2020|2023
180033|Lluta Bajo|Arica|Arica y Parinacota|-18.413611|-70.206111|Instituto de Investigación Agropecuaria|2019|2023
180034|Lluta Medio|Arica|Arica y Parinacota|-18.452222|-70.067221|Instituto de Investigación Agropecuaria|2019|2023
180035|Belén INIA|Putre|Arica y Parinacota|-18.468332|-69.523332|Instituto de Investigación Agropecuaria|2019|2023
180036|Azapa Medio|Arica|Arica y Parinacota|-18.547777|-70.124721|Instituto de Investigación Agropecuaria|2019|2022
180037|Cerro Blanco|Arica|Arica y Parinacota|-18.574999|-70.069721|Instituto de Investigación Agropecuaria|2019|2023
180038|Ticnamar|Putre|Arica y Parinacota|-18.579999|-69.495833|Instituto de Investigación Agropecuaria|2019|2023
180039|Caleta Vitor|Arica|Arica y Parinacota|-18.781388|-70.283888|Instituto de Investigación Agropecuaria|2019|2023
180040|Chaca INIA|Arica|Arica y Parinacota|-18.81|-70.156111|Instituto de Investigación Agropecuaria|2019|2023
180041|Codpa|Camarones|Arica y Parinacota|-18.832499|-69.745555|Instituto de Investigación Agropecuaria|2019|2023
180042|Cerro Sombrero, Arica|Arica|Arica y Parinacota|-18.5125|-70.265555|Dirección Meteorológica de Chile|2017|2023
180043|Arica, Azapa1|Arica|Arica y Parinacota|-18.509722|-70.248055|Fundación para el Desarrollo Frutícola|2020|2023
180045|Pampa Concordia|Arica|Arica y Parinacota|-18.363055|-70.301944|Instituto de Investigación Agropecuaria|2020|2023
180046|Chapiquiña|Putre|Arica y Parinacota|-18.389444|-69.539444|Instituto de Investigación Agropecuaria|2020|2023
180047|Azapa Alto|Arica|Arica y Parinacota|-18.577499|-69.947221|Instituto de Investigación Agropecuaria|2020|2023
180048|Salar de Surire|Putre|Arica y Parinacota|-18.794721|-69.084444|Instituto de Investigación Agropecuaria|2020|2022
190009|Camarones|Camarones|Arica y Parinacota|-19.010555|-69.857222|Instituto de Investigación Agropecuaria|2019|2023
190011|Cuya|Camarones|Arica y Parinacota|-19.161944|-70.180832|Instituto de Investigación Agropecuaria|2020|2022
200003|Iquique, Cavancha Ap.|Iquique|Tarapacá|-20.23361|-70.143888|Dirección Meteorológica de Chile|1952|1981
200005|Iquique, Los Condores Ad.|Iquique|Tarapacá|-20.253888|-70.084999|Dirección Meteorológica de Chile|1952|1969
200006|Diego Aracena Iquique Ap.|Iquique|Tarapacá|-20.549166|-70.18111|Dirección Meteorológica de Chile|1981|2023
200007|La Huayca, Pozo Almonte|Pozo Almonte|Tarapacá|-20.421666|-69.627499|Dirección Meteorológica de Chile|2017|2019
200010|UNAP (Universidad Arturo Prat), Iquique|Iquique|Tarapacá|-20.270832|-70.130832|Dirección Meteorológica de Chile|2017|2023
200011|Pica Inia|Pica|Tarapacá|-20.501388|-69.342499|Instituto de Investigación Agropecuaria|2020|2023
210007|Ollagüe INIA|Ollague|Antofagasta|-21.223888|-68.255555|Instituto de Investigación Agropecuaria|2019|2023
210901|Ollagüe|Ollague|Antofagasta|-21.224166|-68.255833|Dirección Meteorológica de Chile|2016|2021
220002|El Loa, Calama Ad.|Calama|Antofagasta|-22.498055|-68.892499|Dirección Meteorológica de Chile|1965|2023
220022|Caspana|Calama|Antofagasta|-22.334444|-68.213611|Instituto de Investigación Agropecuaria|2019|2023
220023|Calama Rural|Calama|Antofagasta|-22.47111|-68.943055|Instituto de Investigación Agropecuaria|2019|2023
220024|San Pedro de Atacama INIA|San Pedro de Atacama|Antofagasta|-22.932221|-68.213333|Instituto de Investigación Agropecuaria|2019|2023
230001|Cerro Moreno  Antofagasta  Ap.|Antofagasta|Antofagasta|-23.453611|-70.445277|Dirección Meteorológica de Chile|1944|2023
230002|Universidad Católica del Norte, Antofagasta|Antofagasta|Antofagasta|-23.680832|-70.411111|Dirección Meteorológica de Chile|2016|2022
230004|Toconao|San Pedro de Atacama|Antofagasta|-23.18611|-68.005555|Dirección Meteorológica de Chile|2013|2022
230019|Toconao|San Pedro de Atacama|Antofagasta|-23.190555|-68.007222|Instituto de Investigación Agropecuaria|2019|2023
230020|Socaire|San Pedro de Atacama|Antofagasta|-23.590555|-67.889999|Instituto de Investigación Agropecuaria|2019|2022
230022|Mejillones|Mejillones|Antofagasta|-23.109166|-70.443333|Dirección Meteorológica de Chile|2019|2023
230023|Camar|San Pedro de Atacama|Antofagasta|-23.407222|-67.963611|Instituto de Investigación Agropecuaria|2020|2023
230024|Altos La Portada|Antofagasta|Antofagasta|-23.504166|-70.404722|Instituto de Investigación Agropecuaria|2020|2023
230905|Antofagasta, Oficina Meteorológica|Arica|Arica y Parinacota|-23.7|-70.4|Dirección Meteorológica de Chile|1941|1944
250005|Taltal|Antofagasta|Antofagasta|-25.411111|-70.484166|Dirección Meteorológica de Chile|2014|2023
250007|La Cachina|Taltal|Antofagasta|-25.433888|-70.453333|Instituto de Investigación Agropecuaria|2020|2023
260002|Chañaral  Ad.|Chañaral|Atacama|-26.332221|-70.610833|Dirección Meteorológica de Chile|1954|2002
260007|Isla San Felix|Juan Fernández|Valparaíso|-26.291388|-80.095277|Armada de Chile|2016|2023
260009|Falda Verde|Chañaral|Atacama|-26.299721|-70.624166|Instituto de Investigación Agropecuaria|2020|2022
270001|Mataveri  Isla de Pascua Ap.|Isla de Pascua|Valparaíso|-27.158888|-109.432499|Dirección Meteorológica de Chile|1954|2023
270002|Copiapó, Chamonate Ad.|Copiapó|Atacama|-27.299444|-70.414166|Dirección Meteorológica de Chile|1951|2013
270008|Desierto de Atacama, Caldera  Ad.|Caldera|Atacama|-27.254444|-70.78111|Dirección Meteorológica de Chile|2005|2023
270009|Copiapó Universidad de Atacama|Copiapó|Atacama|-27.358888|-70.353333|Dirección Meteorológica de Chile|2016|2023
270013|Amolana|Tierra Amarilla|Atacama|-27.959722|-70.01|Instituto de Investigación Agropecuaria|2019|2023
270015|Caldera R.B.|Caldera|Atacama|-27.075832|-70.82111|Dirección Meteorológica de Chile|2019|2019
270016|Copiapo|Copiapó|Atacama|-27.345833|-70.407777|Fundación para el Desarrollo Frutícola|2019|2023
270017|Tierra Amarilla, Tranque Lautaro|Tierra Amarilla|Atacama|-28.975554|-70.0|Fundación para el Desarrollo Frutícola|2020|2023
270018|Tierra Amarilla, Jotabeche|Tierra Amarilla|Atacama|-27.588888|-70.244721|Fundación para el Desarrollo Frutícola|2020|2023
270019|Tierra Amarilla, Hornitos|Tierra Amarilla|Atacama|-27.729166|-70.196666|Fundación para el Desarrollo Frutícola|2020|2023
270020|Copiapo, Bodega|Copiapó|Atacama|-27.34361|-70.373054|Fundación para el Desarrollo Frutícola|2020|2023
270021|La Copa|Copiapó|Atacama|-27.345555|-70.621943|Instituto de Investigación Agropecuaria|2020|2023
280003|Vallenar, Ad.|Chañaral|Atacama|-28.593333|-70.756944|Dirección Meteorológica de Chile|1952|2003
280010|Freirina Nicolasa|Freirina|Atacama|-28.516943|-71.01|Dirección Meteorológica de Chile|2017|2023
280021|CE Huasco|Copiapó|Atacama|-28.58111|-70.798333|Instituto de Investigación Agropecuaria|2019|2023
280022|Freirina Vallenar|Vallenar|Atacama|-28.526388|-70.943055|Fundación para el Desarrollo Frutícola|2020|2023
280023|Alto del Carmen|Alto del Carmen|Atacama|-28.768054|-70.449166|Fundación para el Desarrollo Frutícola|2020|2023
280024|Freirina|Freirina|Atacama|-28.506666|-71.103611|Fundación para el Desarrollo Frutícola|2020|2023
280025|Tierra Amarilla, Iglesia Colorada-Quebrada Seca|Tierra Amarilla|Atacama|-28.148888|-69.891944|Fundación para el Desarrollo Frutícola|2020|2023
290004|La Florida, La Serena Ad.|La Serena|Coquimbo|-29.914444|-71.206666|Dirección Meteorológica de Chile|1954|2023
290005|Punta Tortuga faro|Coquimbo|Coquimbo|-29.933888|-71.342777|Armada de Chile|1969|2023
290008|Rivadavia|Vicuña|Coquimbo|-29.96|-70.538055|Dirección Meteorológica de Chile|2013|2013
290014|La Higuera, El Trapiche|La Higuera|Coquimbo|-29.371943|-71.116111|Fundación para el Desarrollo Frutícola|2020|2023
290918|La Serena - Oficina Meteorológica|La Serena|Coquimbo|-29.9|-71.25|Dirección Meteorológica de Chile|1941|1953
300024|Ovalle Escuela Agrícola|Ovalle|Coquimbo|-30.579999|-71.186666|Dirección Meteorológica de Chile|2007|2023
300031|Montepatria FDF (Cerro Guayaquil)|Monte Patria|Coquimbo|-30.681943|-70.939999|Fundación para el Desarrollo Frutícola|2013|2013
300032|Reserva Nacional Fray Jorge|Ovalle|Coquimbo|-30.627221|-71.6625|Dirección Meteorológica de Chile|2013|2014
300034|El Tololo|La Serena|Coquimbo|-30.168332|-70.803611|Dirección Meteorológica de Chile|2016|2023
300035|Pisco Elqui|Paiguano|Coquimbo|-30.028888|-70.517499|Dirección Meteorológica de Chile|1999|2004
300037|Las Chinchillas|Illapel|Coquimbo|-31.515277|-71.095277|Dirección Meteorológica de Chile|2013|2014
300043|Algarrobo Bajo|Illapel|Coquimbo|-30.633054|-71.451388|Instituto de Investigación Agropecuaria|2020|2023
300044|Camarico|Ovalle|Coquimbo|-30.698888|-71.321666|Instituto de Investigación Agropecuaria|2019|2023
300045|El Palqui|Monte Patria|Coquimbo|-30.774443|-70.926943|Instituto de Investigación Agropecuaria|2020|2022
300046|Vicuña, Parque Los Pimientos|Vicuña|Coquimbo|-30.03361|-70.697221|Dirección Meteorológica de Chile|2017|2023
300047|Monte Patria, Municipalidad|Monte Patria|Coquimbo|-30.698333|-70.957777|Dirección Meteorológica de Chile|2017|2023
300048|Monte Patria, El Palqui|Monte Patria|Coquimbo|-30.746388|-70.936944|Fundación para el Desarrollo Frutícola|2020|2023
300049|Paiguano|Paiguano|Coquimbo|-30.046944|-70.510833|Fundación para el Desarrollo Frutícola|2020|2023
300050|Ovalle Recoleta|Ovalle|Coquimbo|-30.490833|-71.165833|Fundación para el Desarrollo Frutícola|2020|2023
300052|Monte Patria|Ovalle|Coquimbo|-30.682221|-70.939444|Fundación para el Desarrollo Frutícola|2020|2023
300053|Punitaqui|Punitaqui|Coquimbo|-30.779999|-71.256111|Fundación para el Desarrollo Frutícola|2020|2023
300054|Chaguaral|Monte Patria|Coquimbo|-30.857222|-70.730554|Instituto de Investigación Agropecuaria|2020|2023
300055|La Polvareda|Punitaqui|Coquimbo|-30.882777|-71.239721|Instituto de Investigación Agropecuaria|2020|2023
300056|Ajial de Quiles|Punitaqui|Coquimbo|-30.920277|-71.384166|Instituto de Investigación Agropecuaria|2020|2023
300909|El Tuqui, Ovalle Ad.|Ovalle|Coquimbo|-30.563611|-71.179443|Dirección Meteorológica de Chile|1952|1954
310023|Canela Baja (Liceo Padre José Herde)|Los Vilos|Coquimbo|-31.389999|-71.412777|Dirección Meteorológica de Chile|2013|2023
310024|Liceo Samuel Román Rojas (Combarbalá)|Combarbalá|Coquimbo|-31.188055|-70.998888|Dirección Meteorológica de Chile|2011|2023
310026|Salamanca|Salamanca|Coquimbo|-31.787221|-70.959722|Fundación para el Desarrollo Frutícola|2020|2023
310040|Vivero Conaf, Illapel|La Serena|Coquimbo|-31.632499|-71.151944|Dirección Meteorológica de Chile|2019|2023
310041|Illapel|Illapel|Coquimbo|-31.73111|-71.205555|Fundación para el Desarrollo Frutícola|2020|2023
310042|Los Vilos, Quebrachar|Los Vilos|Coquimbo|-31.860277|-71.439721|Fundación para el Desarrollo Frutícola|2020|2023
310043|Huentelauquen|Canela|Coquimbo|-31.58861|-71.509722|Instituto de Investigación Agropecuaria|2020|2023
320019|San Felipe Escuela Agrícola|Valparaíso|Valparaíso|-32.755277|-70.706944|Dirección Meteorológica de Chile|2019|2023
320025|Quintero, Estación Aeronáutica|Quintero|Valparaíso|-32.788888|-71.525554|Dirección Meteorológica de Chile|1952|1982
320028|La Cruz,  INIA|La Cruz|Valparaíso|-32.828054|-71.226666|Instituto de Investigación Agropecuaria|2010|2023
320041|Viña del Mar  Ad. (Torquemada)|Viña del Mar|Valparaíso|-32.949444|-71.47611|Dirección Meteorológica de Chile|2013|2023
320043|Cabildo|Cabildo|Valparaíso|-32.446388|-70.947499|Dirección Meteorológica de Chile|1996|2003
320045|Llay Llay, Las Peñas|Llaillay|Valparaíso|-32.881388|-70.913055|Dirección Meteorológica de Chile|2013|2023
320046|Calle Larga (FDF)|Calle Larga|Valparaíso|-32.853333|-70.624999|Fundación para el Desarrollo Frutícola|2010|2023
320048|Longotoma Liceo Agrícola|La Ligua|Valparaíso|-32.393055|-71.371666|Dirección Meteorológica de Chile|2013|2014
320049|Chincolco Liceo agrícola|Petorca|Valparaíso|-32.222499|-70.831666|Dirección Meteorológica de Chile|2017|2023
320050|Nogales Liceo agrícola (FDF)|Nogales|Valparaíso|-32.73361|-71.204166|Fundación para el Desarrollo Frutícola|2010|2023
320051|Los Libertadores|Los Andes|Valparaíso|-32.845555|-70.119166|Dirección Meteorológica de Chile|2012|2023
320055|Catemu|Catemu|Valparaíso|-32.758888|-70.942777|Dirección Meteorológica de Chile|2010|2021
320056|Quintero, Climatológica|Quintero|Valparaíso|-32.784166|-71.522777|Dirección Meteorológica de Chile|2018|2023
320063|Zapallar Catapilco|Zapallar|Valparaíso|-32.561388|-71.297777|Dirección Meteorológica de Chile|2016|2023
320069|Puchuncaví|Puchuncaví|Valparaíso|-32.755|-71.343333|Instituto de Investigación Agropecuaria|2019|2023
320080|Petorca Palquico|Petorca|Valparaíso|-32.256944|-71.141666|Fundación para el Desarrollo Frutícola|2020|2023
320081|La Ligua Pullancon|La Ligua|Valparaíso|-32.306944|-71.230832|Fundación para el Desarrollo Frutícola|2020|2023
320082|Petorca, Manuel Montt|La Ligua|Valparaíso|-32.322777|-71.061111|Fundación para el Desarrollo Frutícola|2020|2023
320083|Cabildo|La Ligua|Valparaíso|-32.362222|-70.819721|Fundación para el Desarrollo Frutícola|2020|2023
320084|La Ligua, El Guindo|La Ligua|Valparaíso|-32.357222|-71.345555|Fundación para el Desarrollo Frutícola|2020|2023
320085|Cabildo, Petorca|La Ligua|Valparaíso|-32.39611|-71.029443|Fundación para el Desarrollo Frutícola|2020|2023
320086|Cabildo, San Lorenzo|Cabildo|Valparaíso|-32.439444|-71.003055|Fundación para el Desarrollo Frutícola|2020|2023
320087|Cabildo, Las Puertas|Cabildo|Valparaíso|-32.482777|-70.933333|Fundación para el Desarrollo Frutícola|2020|2023
320088|Cabildo, Paihuén|Cabildo|Valparaíso|-32.379166|-70.841666|Fundación para el Desarrollo Frutícola|2020|2023
320089|San Felipe, Curimón|San Felipe|Valparaíso|-32.8|-70.700277|Fundación para el Desarrollo Frutícola|2020|2023
320090|Rinconada|Rinconada|Valparaíso|-32.836944|-70.692499|Fundación para el Desarrollo Frutícola|2020|2023
320091|La Ligua, La Higuera|La Ligua|Valparaíso|-32.492777|-71.152777|Fundación para el Desarrollo Frutícola|2020|2023
320092|Putaendo|Putaendo|Valparaíso|-32.59361|-70.72611|Fundación para el Desarrollo Frutícola|2010|2023
320093|Santa María|Santa María|Valparaíso|-32.749166|-70.660277|Fundación para el Desarrollo Frutícola|2010|2023
320094|Panquehue|Panquehue|Valparaíso|-32.756666|-70.808888|Fundación para el Desarrollo Frutícola|2010|2023
320095|Llay Llay|Llaillay|Valparaíso|-32.903333|-70.950555|Fundación para el Desarrollo Frutícola|2020|2023
320096|Quillota|Quillota|Valparaíso|-32.892499|-71.206666|Fundación para el Desarrollo Frutícola|2010|2023
320097|La Cruz|La Cruz|Valparaíso|-32.843055|-71.212777|Fundación para el Desarrollo Frutícola|2020|2023
320098|Hijuelas|La Cruz|Valparaíso|-32.848055|-71.066943|Fundación para el Desarrollo Frutícola|2010|2023
320099|Limache|Limache|Valparaíso|-32.994444|-71.260555|Fundación para el Desarrollo Frutícola|2013|2023
320100|Puchuncaví|Puchuncaví|Valparaíso|-32.73111|-71.424166|Fundación para el Desarrollo Frutícola|2020|2023
320101|Los Andes, Los Espinos|Los Andes|Valparaíso|-32.890277|-70.382221|Fundación para el Desarrollo Frutícola|2020|2023
320102|San Esteban|San Esteban|Valparaíso|-32.750555|-70.5575|Fundación para el Desarrollo Frutícola|2010|2023
320116|Quilimari|Los Vilos|Coquimbo|-32.119166|-71.46|Instituto de Investigación Agropecuaria|2020|2023
320901|Cristo Redentor|Los Andes|Valparaíso|-32.824999|-70.070832|Dirección Meteorológica de Chile|1952|1953
330002|Punta Ángeles faro|Valparaíso|Valparaíso|-33.022777|-71.647499|Armada de Chile|1970|2023
330003|El Belloto Ad.|Quilpué|Valparaíso|-33.047499|-71.416666|Dirección Meteorológica de Chile|1952|1988
330006|Jardín Botánico (ex Parque Fauna), Viña del Mar|Valparaíso|Valparaíso|-33.044999|-71.501944|Dirección Meteorológica de Chile|2016|2023
330007|Rodelillo, Ad.|Viña del Mar|Valparaíso|-33.065277|-71.556388|Dirección Meteorológica de Chile|1971|2023
330019|Eulogio Sánchez, Tobalaba Ad.|La Reina|Metropolitana de Santiago|-33.455277|-70.54861|Dirección Meteorológica de Chile|1954|2023
330020|Quinta Normal, Santiago|Estación Central |Metropolitana de Santiago|-33.444999|-70.682777|Dirección Meteorológica de Chile|1941|2023
330021|Pudahuel Santiago|Pudahuel|Metropolitana de Santiago|-33.378332|-70.787777|Dirección Meteorológica de Chile|1966|2023
330023|Los Cerrillos ad.|Cerrillos|Metropolitana de Santiago|-33.494721|-70.703888|Dirección Meteorológica de Chile|1952|2006
330026|La Platina ( INIA )|La Granja|Metropolitana de Santiago|-33.572777|-70.619721|Instituto de Investigación Agropecuaria|2019|2023
330027|El Bosque Base Aérea|El Bosque|Metropolitana de Santiago|-33.5625|-70.684999|Dirección Meteorológica de Chile|1952|2012
330028|Punta Panul  Faro|Valparaíso|Valparaíso|-33.574999|-71.624999|Armada de Chile|2016|2023
330030|Santo Domingo, Ad.|Santo Domingo|Valparaíso|-33.656111|-71.613333|Dirección Meteorológica de Chile|1966|2023
330031|Juan Fernández, Estación Meteorológica.|Juan Fernández|Valparaíso|-33.635833|-78.833054|Dirección Meteorológica de Chile|1941|2023
330061|Melipilla|Melipilla|Metropolitana de Santiago|-33.692499|-71.215555|Dirección Meteorológica de Chile|2007|2007
330065|Los Tilos (INIA)|Buin|Metropolitana de Santiago|-33.711666|-70.711944|Instituto de Investigación Agropecuaria|2019|2023
330066|La Punta, Juan Fernández  Ad.|Juan Fernández|Valparaíso|-33.666388|-78.931666|Dirección Meteorológica de Chile|2013|2023
330071|Talagante|Talagante|Metropolitana de Santiago|-33.670277|-70.849444|Dirección Meteorológica de Chile|2013|2023
330072|Pirque FDF (ex Raco)|Pirque|Metropolitana de Santiago|-33.678332|-70.58361|Fundación para el Desarrollo Frutícola|1998|2009
330075|Río Clarillo|Pirque|Metropolitana de Santiago|-33.728332|-70.496666|Dirección Meteorológica de Chile|2017|2021
330076|Chorombo Hacienda|María Pinto|Metropolitana de Santiago|-33.529443|-71.229166|Dirección Meteorológica de Chile|2016|2022
330077|El Colorado|Lo Barnechea|Metropolitana de Santiago|-33.35|-70.29361|Dirección Meteorológica de Chile|2012|2023
330083|Colina|Colina|Metropolitana de Santiago|-33.203888|-70.697777|Dirección Meteorológica de Chile|2011|2013
330088|Olmué|Olmué|Valparaíso|-33.021943|-71.186388|Fundación para el Desarrollo Frutícola|2010|2023
330090|Casablanca, Casas del Bosque|Casablanca|Valparaíso|-33.31861|-71.435555|Fundación para el Desarrollo Frutícola|2020|2023
330093|Hospital|Buin|Metropolitana de Santiago|-33.887221|-70.73111|Dirección Meteorológica de Chile|1999|2011
330111|Lo Prado Cerro San Francisco|Pudahuel|Metropolitana de Santiago|-33.458055|-70.94861|Dirección Meteorológica de Chile|2012|2023
330112|San José  Guayacán|San José de Maipo|Metropolitana de Santiago|-33.615277|-70.350555|Dirección Meteorológica de Chile|2012|2023
330113|El Paico|El Monte|Metropolitana de Santiago|-33.706388|-71.008055|Dirección Meteorológica de Chile|2013|2023
330114|San Pablo - DASA|Pudahuel|Metropolitana de Santiago|-33.442221|-70.746666|Dirección Meteorológica de Chile|2013|2023
330118|Lo Pinto|Colina|Metropolitana de Santiago|-33.268054|-70.732221|Dirección Meteorológica de Chile|2014|2023
330121|Curacaví Ad.|Curacaví|Metropolitana de Santiago|-33.411111|-71.167777|Dirección Meteorológica de Chile|2015|2023
330122|Aguas Andinas, La Florida|La Florida|Metropolitana de Santiago|-33.544999|-70.548333|Dirección Meteorológica de Chile|2017|2021
330141|Rinconada - U. de Chile|Maipú|Metropolitana de Santiago|-33.497221|-70.845555|Instituto de Investigación Agropecuaria|2019|2023
330151|San Antonio de Naltahua|Calera de Tango|Metropolitana de Santiago|-33.725554|-71.042499|Instituto de Investigación Agropecuaria|2019|2023
330158|San Pedro de Melipilla|San Pedro|Metropolitana de Santiago|-33.898055|-71.452777|Instituto de Investigación Agropecuaria|2019|2023
330160|El Milagro, Buin|Buin|Metropolitana de Santiago|-33.754444|-70.764444|Dirección Meteorológica de Chile|2018|2023
330161|San Antonio, Lo Zarate|Cartagena|Valparaíso|-33.530554|-71.506111|Dirección Meteorológica de Chile|2018|2023
330162|Colina (Reg.)|Colina|Metropolitana de Santiago|-33.162222|-70.643055|Dirección Meteorológica de Chile|2019|2023
330163|Peldehue Ad.|Colina|Metropolitana de Santiago|-33.113888|-70.685833|Dirección Meteorológica de Chile|2020|2023
330164|Colina|Colina|Metropolitana de Santiago|-33.218888|-70.715833|Fundación para el Desarrollo Frutícola|2020|2023
330165|San Bernardo Lo Herrera|Santiago|Metropolitana de Santiago|-33.662777|-70.765833|Fundación para el Desarrollo Frutícola|2020|2023
330166|Talagante|Talagante|Metropolitana de Santiago|-33.673332|-70.92111|Fundación para el Desarrollo Frutícola|2020|2023
330167|Paine Huelquen|Paine|Metropolitana de Santiago|-33.861944|-70.639166|Fundación para el Desarrollo Frutícola|2020|2023
330168|Melipilla, San Diego|Melipilla|Metropolitana de Santiago|-33.703055|-71.371943|Fundación para el Desarrollo Frutícola|2020|2023
330169|Tiltil Huechún|Tiltil|Metropolitana de Santiago|-33.077221|-70.752777|Fundación para el Desarrollo Frutícola|2020|2023
330170|Til Til|Tiltil|Metropolitana de Santiago|-33.121388|-70.834166|Fundación para el Desarrollo Frutícola|2020|2023
330171|Pirque II|Pirque|Metropolitana de Santiago|-33.673888|-70.628332|Fundación para el Desarrollo Frutícola|2020|2023
330172|Colina Peldehue|Colina|Metropolitana de Santiago|-33.147221|-70.660277|Fundación para el Desarrollo Frutícola|2020|2023
330173|Buin|Buin|Metropolitana de Santiago|-33.707222|-70.707222|Fundación para el Desarrollo Frutícola|2020|2023
330174|Melipilla|Melipilla|Metropolitana de Santiago|-33.650277|-71.100277|Fundación para el Desarrollo Frutícola|2020|2023
330175|Calera de Tango|Calera de Tango|Metropolitana de Santiago|-33.624999|-70.799444|Fundación para el Desarrollo Frutícola|2020|2023
330176|Melipilla Chocalan|Melipilla|Metropolitana de Santiago|-33.725832|-71.21|Fundación para el Desarrollo Frutícola|2020|2023
330177|Melipilla Mallarauco|Melipilla|Metropolitana de Santiago|-33.586666|-70.99611|Fundación para el Desarrollo Frutícola|2020|2023
330178|Curacaví|Curacaví|Metropolitana de Santiago|-33.43861|-71.025554|Fundación para el Desarrollo Frutícola|2020|2023
330179|San Pedro|San Pedro|Metropolitana de Santiago|-33.941388|-71.394166|Fundación para el Desarrollo Frutícola|2020|2023
330180|Isla de Maipo|Isla de Maipo|Metropolitana de Santiago|-33.763888|-70.886666|Fundación para el Desarrollo Frutícola|2020|2022
330181|El Monte|El Monte|Metropolitana de Santiago|-33.691944|-71.101111|Fundación para el Desarrollo Frutícola|2020|2023
330182|Alhue|Alhué|Metropolitana de Santiago|-34.065277|-71.254166|Fundación para el Desarrollo Frutícola|2020|2023
330189|Colliguay|Quilpué|Valparaíso|-33.16861|-71.155833|Instituto de Investigación Agropecuaria|2021|2023
330190|El Oasis|Lampa|Metropolitana de Santiago|-33.286388|-70.83611|Instituto de Investigación Agropecuaria|2020|2023
330191|Cuncumén|San Antonio|Valparaíso|-33.73611|-71.421666|Instituto de Investigación Agropecuaria|2020|2023
330192|Licanchen|Navidad|Del Libertador Gral. Bernardo  O'Higgins|-33.929721|-71.801111|Instituto de Investigación Agropecuaria|2020|2023
330903|Colina Base Aérea|Colina|Metropolitana de Santiago|-33.213333|-70.664444|Dirección Meteorológica de Chile|1952|1953
340023|Llico, Reserva Laguna Torca|Vichuquén|Del Maule|-34.767221|-72.065277|Dirección Meteorológica de Chile|2013|2013
340031|General Freire, Curicó Ad.|Curicó|Del Maule|-34.969443|-71.216943|Dirección Meteorológica de Chile|1941|2023
340032|Graneros, Mostazal|Graneros|Del Libertador Gral. Bernardo  O'Higgins|-34.065833|-70.741666|Fundación para el Desarrollo Frutícola|2020|2023
340039|Calleuque fundo|Nancagua|Del Libertador Gral. Bernardo  O'Higgins|-34.366666|-71.466666|Dirección Meteorológica de Chile|2020|2023
340042|Hidango|Litueche|Del Libertador Gral. Bernardo  O'Higgins|-34.1125|-71.797221|Dirección Meteorológica de Chile|2011|2011
340045|Rancagua|Rancagua|Del Libertador Gral. Bernardo  O'Higgins|-34.172221|-70.77611|Dirección Meteorológica de Chile|1957|2023
340047|Machalí|Machalí|Del Libertador Gral. Bernardo  O'Higgins|-34.183888|-70.64861|Dirección Meteorológica de Chile|1996|2001
340048|Quimávida|Doñihue|Del Libertador Gral. Bernardo  O'Higgins|-34.215|-70.996944|Dirección Meteorológica de Chile|2012|2023
340050|Quinta de Tilcoco|Quinta de Tilcoco|Del Libertador Gral. Bernardo  O'Higgins|-34.357777|-70.967221|Fundación para el Desarrollo Frutícola|2020|2023
340052|La Rosa|Peumo|Del Libertador Gral. Bernardo  O'Higgins|-34.326943|-71.258888|Dirección Meteorológica de Chile|2020|2022
340053|San Fernando Liceo Agrícola, El Carmen (FDF)|San Fernando|Del Libertador Gral. Bernardo  O'Higgins|-34.591388|-70.970554|Fundación para el Desarrollo Frutícola|2020|2023
340055|Marchigüe|Marchihue|Del Libertador Gral. Bernardo  O'Higgins|-34.362777|-71.614722|Dirección Meteorológica de Chile|2007|2019
340057|Paredones|Paredones|Del Libertador Gral. Bernardo  O'Higgins|-34.644721|-71.897499|Dirección Meteorológica de Chile|2010|2011
340066|Nilahue - La Quebrada|Pumanque|Del Libertador Gral. Bernardo  O'Higgins|-34.660833|-71.735277|Dirección Meteorológica de Chile|2016|2023
340077|Los Choapinos, Requinoa|Requinoa|Del Libertador Gral. Bernardo  O'Higgins|-34.323054|-70.834721|Fundación para el Desarrollo Frutícola|2020|2023
340093|Portezuelo-Codelco|Rancagua|Del Libertador Gral. Bernardo  O'Higgins|-34.198333|-70.579166|Dirección Meteorológica de Chile|2014|2022
340098|El Arenal|Quinta de Tilcoco|Del Libertador Gral. Bernardo  O'Higgins|-34.355833|-70.991388|Instituto de Investigación Agropecuaria|2019|2023
340102|Hidango Automática INIA|Litueche|Del Libertador Gral. Bernardo  O'Higgins|-34.1125|-71.797221|Instituto de Investigación Agropecuaria|2019|2023
340113|El Tambo|San Vicente|Del Libertador Gral. Bernardo  O'Higgins|-34.47111|-70.986944|Instituto de Investigación Agropecuaria|2019|2023
340115|Pichilemu aeródromo|Pichilemu|Del Libertador Gral. Bernardo  O'Higgins|-34.394166|-72.01861|Dirección Meteorológica de Chile|2017|2023
340116|Aeródromo de la Independencia|Rancagua|Del Libertador Gral. Bernardo  O'Higgins|-34.169443|-70.771666|Dirección Meteorológica de Chile|2019|2023
340117|Las Cabras Sta Brisila|Las Cabras|Del Libertador Gral. Bernardo  O'Higgins|-34.298055|-71.323888|Fundación para el Desarrollo Frutícola|2020|2023
340118|San Fernando|San Fernando|Del Libertador Gral. Bernardo  O'Higgins|-34.577777|-70.975554|Fundación para el Desarrollo Frutícola|2020|2023
340119|Olivar Olivar Alto|Olivar|Del Libertador Gral. Bernardo  O'Higgins|-34.203055|-70.824166|Fundación para el Desarrollo Frutícola|2020|2023
340120|Graneros, Graneros Norte|Graneros|Del Libertador Gral. Bernardo  O'Higgins|-34.061944|-70.705|Fundación para el Desarrollo Frutícola|2020|2023
340121|Malloa, Los Maquis|Malloa|Del Libertador Gral. Bernardo  O'Higgins|-34.5|-70.839721|Fundación para el Desarrollo Frutícola|2020|2023
340122|Las Cabras, Rapel|Las Cabras|Del Libertador Gral. Bernardo  O'Higgins|-34.216666|-71.3|Fundación para el Desarrollo Frutícola|2020|2023
340123|Codegua Norte|Codegua|Del Libertador Gral. Bernardo  O'Higgins|-34.109166|-70.639444|Fundación para el Desarrollo Frutícola|2020|2023
340124|Chimbarongo|Chimbarongo|Del Libertador Gral. Bernardo  O'Higgins|-34.67111|-71.031666|Fundación para el Desarrollo Frutícola|2020|2023
340125|Codegua|Codegua|Del Libertador Gral. Bernardo  O'Higgins|-34.110277|-70.653611|Fundación para el Desarrollo Frutícola|2020|2023
340126|Placilla Chacarilla|Placilla|Del Libertador Gral. Bernardo  O'Higgins|-34.641666|-71.135555|Fundación para el Desarrollo Frutícola|2020|2023
340127|Palmilla|Palmilla|Del Libertador Gral. Bernardo  O'Higgins|-34.546666|-71.394999|Fundación para el Desarrollo Frutícola|2020|2023
340128|Nancagua 2|Nancagua|Del Libertador Gral. Bernardo  O'Higgins|-34.660833|-71.28361|Fundación para el Desarrollo Frutícola|2020|2023
340129|San Vicente TT|San Vicente|Del Libertador Gral. Bernardo  O'Higgins|-34.457777|-71.050555|Fundación para el Desarrollo Frutícola|2020|2023
340130|Coltauco|Coltauco|Del Libertador Gral. Bernardo  O'Higgins|-34.237777|-71.005|Fundación para el Desarrollo Frutícola|2020|2023
340132|Santa Cruz|Santa Cruz|Del Libertador Gral. Bernardo  O'Higgins|-34.690833|-71.4|Fundación para el Desarrollo Frutícola|2020|2023
340133|Lolol|Lolol|Del Libertador Gral. Bernardo  O'Higgins|-34.713888|-71.629721|Fundación para el Desarrollo Frutícola|2020|2023
340134|La Estrella sur|La Estrella|Del Libertador Gral. Bernardo  O'Higgins|-34.213888|-71.716111|Fundación para el Desarrollo Frutícola|2020|2023
340135|La Estrella Norte|La Estrella|Del Libertador Gral. Bernardo  O'Higgins|-34.606388|-71.728332|Fundación para el Desarrollo Frutícola|2020|2023
340136|Marchigüe|Marchihue|Del Libertador Gral. Bernardo  O'Higgins|-34.405555|-71.607222|Fundación para el Desarrollo Frutícola|2020|2023
340137|Rancagua, Punta Cortes|Rancagua|Del Libertador Gral. Bernardo  O'Higgins|-34.173888|-70.793888|Fundación para el Desarrollo Frutícola|2020|2023
340138|Vichuqén Rarin|Vichuquén|Del Maule|-34.765555|-71.956666|Fundación para el Desarrollo Frutícola|2020|2023
340139|Teno, Morza Norte|Teno|Del Maule|-34.835277|-71.024166|Fundación para el Desarrollo Frutícola|2020|2023
340141|Vichuquen|Vichuquén|Del Maule|-34.855|-72.02611|Fundación para el Desarrollo Frutícola|2020|2023
340142|Teno|Teno|Del Maule|-34.878888|-71.165277|Fundación para el Desarrollo Frutícola|2020|2023
340143|Rauco|Rauco|Del Maule|-34.924999|-71.283054|Fundación para el Desarrollo Frutícola|2020|2023
340144|Curicó Tutuquén|Curicó|Del Maule|-34.961666|-71.315833|Fundación para el Desarrollo Frutícola|2020|2023
340145|Sagrada Familia|Sagrada Familia|Del Maule|-34.996944|-71.374443|Fundación para el Desarrollo Frutícola|2020|2023
340146|El Asiento|Alhué|Metropolitana de Santiago|-34.029166|-70.994999|Instituto de Investigación Agropecuaria|2020|2023
340147|Rayentué|Rengo|Del Libertador Gral. Bernardo  O'Higgins|-34.321666|-70.833888|Instituto de Investigación Agropecuaria|2020|2023
340148|Puente Negro|Pichilemu|Del Libertador Gral. Bernardo  O'Higgins|-34.386388|-71.985833|Instituto de Investigación Agropecuaria|2020|2023
340149|Liceo Juan Buchanan|Peumo|Del Libertador Gral. Bernardo  O'Higgins|-34.397221|-71.164722|Instituto de Investigación Agropecuaria|2020|2022
340902|Rancagua, Radioestación F.A.CH.|Rancagua|Del Libertador Gral. Bernardo  O'Higgins|-34.133333|-70.716666|Dirección Meteorológica de Chile|1952|1953
350007|Punta Carranza faro|Chanco|Del Maule|-35.560833|-72.618054|Armada de Chile|2020|2023
350012|Yerbas Buenas  Liceo Agrícola (FDF)|Yerbas Buenas|Del Maule|-35.747221|-71.582221|Fundación para el Desarrollo Frutícola|2020|2023
350021|Cauquenes I.N.I.A.|Cauquenes|Del Maule|-35.956111|-72.289999|Instituto de Investigación Agropecuaria|2019|2023
350028|Panguilemo|Pelarco|Del Maule|-35.377777|-71.601111|Dirección Meteorológica de Chile|2013|2023
350064|San Clemente|San Clemente|Del Maule|-35.530554|-71.479443|Instituto de Investigación Agropecuaria|2019|2023
350070|Chanco INIA|Chanco|Del Maule|-35.706666|-72.511388|Instituto de Investigación Agropecuaria|2019|2023
350071|Sauzal|Cauquenes|Del Maule|-35.715|-72.111388|Instituto de Investigación Agropecuaria|2020|2023
350073|Santa Amada|Cauquenes|Del Maule|-35.760833|-71.574166|Instituto de Investigación Agropecuaria|2019|2023
350078|Santa Sofia|Cauquenes|Del Maule|-35.977777|-72.36|Instituto de Investigación Agropecuaria|2019|2023
350080|Molina Lontue|Molina|Del Maule|-35.049721|-71.248055|Fundación para el Desarrollo Frutícola|2020|2023
350081|Molina, Tres Esquinas|Molina|Del Maule|-35.144721|-71.216111|Fundación para el Desarrollo Frutícola|2020|2023
350082|San Rafael|San Rafael|Del Maule|-35.303888|-71.475832|Fundación para el Desarrollo Frutícola|2020|2023
350083|Pencahue|Pencahue|Del Maule|-35.455833|-71.772221|Fundación para el Desarrollo Frutícola|2020|2023
350084|San Clemente Las Lomillas-San Clemente|San Clemente|Del Maule|-35.541666|-71.318332|Fundación para el Desarrollo Frutícola|2020|2023
350085|San Javier|San Javier|Del Maule|-35.629999|-71.603888|Fundación para el Desarrollo Frutícola|2020|2023
350086|Yerbas Buenas, Yerbas Buenas 2|Yerbas Buenas|Del Maule|-35.576666|-71.553888|Fundación para el Desarrollo Frutícola|2020|2023
350087|San Javier, Maule|San Javier|Del Maule|-35.576666|-71.678888|Fundación para el Desarrollo Frutícola|2020|2023
350088|Colbun|Colbún|Del Maule|-35.6625|-71.453611|Fundación para el Desarrollo Frutícola|2020|2023
350089|San Javier Villa Alegre|San Javier|Del Maule|-35.69611|-71.682221|Fundación para el Desarrollo Frutícola|2020|2023
350090|Longaví, Linares 2|Longaví|Del Maule|-35.932221|-71.566943|Fundación para el Desarrollo Frutícola|2020|2023
350091|Linares, Miraflores|Linares|Del Maule|-35.918054|-71.613333|Fundación para el Desarrollo Frutícola|2020|2023
350092|Longaví Sur|Longaví|Del Maule|-35.953055|-71.608055|Fundación para el Desarrollo Frutícola|2020|2023
350093|Parral Campanacura|Parral|Del Maule|-35.973888|-71.027777|Fundación para el Desarrollo Frutícola|2020|2023
350094|San Jorge Los Niches|Curicó|Del Maule|-35.091666|-71.120554|Instituto de Investigación Agropecuaria|2020|2023
350095|Deuca|Curepto|Del Maule|-35.127777|-71.955833|Instituto de Investigación Agropecuaria|2020|2023
350096|Miraflores|Longaví|Del Maule|-35.818054|-71.774999|Instituto de Investigación Agropecuaria|2020|2023
350097|Lomas|Pelluhue|Del Maule|-35.835555|-72.587499|Instituto de Investigación Agropecuaria|2020|2022
360011|General Bernardo O'Higgins, Chillán Ad.|Chillán|De Ñuble|-36.585833|-72.036666|Dirección Meteorológica de Chile|1941|2023
360015|Isla Quiriquina faro|Talcahuano|Del Biobío|-36.610555|-73.051388|Armada de Chile|2020|2023
360019|Carriel Sur, Concepción Ap.|Talcahuano|Del Biobío|-36.780554|-73.066388|Dirección Meteorológica de Chile|1966|2023
360042|Termas de Chillán|Chillán|De Ñuble|-36.903611|-71.41|Dirección Meteorológica de Chile|2012|2023
360043|Parral  (FDF)|Parral|Del Maule|-36.213333|-71.737499|Fundación para el Desarrollo Frutícola|2020|2023
360045|Chillán Quinchamalí|Chillán|De Ñuble|-36.620832|-72.3625|Dirección Meteorológica de Chile|2016|2020
360046|Chillán Mayulermo|San Ignacio|De Ñuble|-36.828054|-71.866943|Dirección Meteorológica de Chile|2016|2023
360047|Retiro Copihue|Retiro|Del Maule|-36.075554|-71.758055|Dirección Meteorológica de Chile|2016|2023
360049|Coronel de Maule|Cauquenes|Del Maule|-36.059166|-72.477777|Instituto de Investigación Agropecuaria|2019|2023
360050|Los Despachos|Cauquenes|Del Maule|-36.062222|-72.371388|Instituto de Investigación Agropecuaria|2019|2023
360055|Monte Flor-Tucapel|Parral|Del Maule|-36.244721|-71.934166|Instituto de Investigación Agropecuaria|2019|2023
360059|Ninhue|Ninhue|De Ñuble|-36.398055|-72.395277|Instituto de Investigación Agropecuaria|2020|2023
360060|CE arroz|San Carlos|De Ñuble|-36.409166|-72.006666|Instituto de Investigación Agropecuaria|2019|2023
360062|Portezuelo|Portezuelo|De Ñuble|-36.531943|-72.368332|Instituto de Investigación Agropecuaria|2019|2023
360063|Sta. Rosa|Chillán|De Ñuble|-36.535277|-71.916388|Instituto de Investigación Agropecuaria|2019|2023
360068|Nueva Aldea|Portezuelo|De Ñuble|-36.648888|-72.513611|Instituto de Investigación Agropecuaria|2019|2023
360069|Punta Parra|Tomé|Del Biobío|-36.672499|-72.964722|Instituto de Investigación Agropecuaria|2019|2023
360075|Navidad|El Carmen|De Ñuble|-36.907222|-71.935555|Instituto de Investigación Agropecuaria|2019|2023
360076|Chiguayante|Chiguayante|Del Biobío|-36.913611|-73.035555|Instituto de Investigación Agropecuaria|2019|2023
360079|Longaví Norte|Longaví|Del Maule|-36.036944|-71.683333|Fundación para el Desarrollo Frutícola|2020|2023
360080|Retiro, Parral Norte|Parral|Del Maule|-36.230277|-71.732221|Fundación para el Desarrollo Frutícola|2020|2023
360081|Cobquecura|Lebu|Del Biobío|-36.124443|-72.795277|Fundación para el Desarrollo Frutícola|2020|2023
360082|El Carmen Ñiquen|El Carmen|De Ñuble|-36.29361|-71.888055|Fundación para el Desarrollo Frutícola|2020|2023
360083|San Nicolas|San Nicolás|De Ñuble|-36.517777|-72.094721|Fundación para el Desarrollo Frutícola|2020|2023
360084|Coihueco|Coihueco|De Ñuble|-36.557222|-71.817221|Fundación para el Desarrollo Frutícola|2020|2023
360085|Chillan Los Colihues|Chillán|De Ñuble|-36.629999|-71.892499|Fundación para el Desarrollo Frutícola|2020|2023
360086|Pinto San Ignacio|Pinto|De Ñuble|-36.713333|-71.892499|Fundación para el Desarrollo Frutícola|2020|2023
360087|Bulnes|Bulnes|De Ñuble|-36.735555|-72.366943|Fundación para el Desarrollo Frutícola|2020|2023
360088|Quillón|Quillón|De Ñuble|-36.744999|-72.504722|Fundación para el Desarrollo Frutícola|2020|2023
360089|San Ignacio Pinto|San Ignacio|De Ñuble|-36.84361|-72.124721|Fundación para el Desarrollo Frutícola|2020|2023
360090|El Carmen Trehualemu|El Carmen|De Ñuble|-36.920832|-71.893333|Fundación para el Desarrollo Frutícola|2020|2023
360091|Puralihue|Concepción|Del Biobío|-36.43111|-72.647777|Instituto de Investigación Agropecuaria|2020|2023
360092|Santa Lucía|Florida|Del Biobío|-36.697499|-72.704166|Instituto de Investigación Agropecuaria|2020|2023
360905|Hualpencillo|Concepción|Del Biobío|-36.781666|-73.059444|Dirección Meteorológica de Chile|1941|2013
370011|Los Ángeles - Human I.N.I.A|Los Angeles|Del Biobío|-37.43361|-72.243888|Instituto de Investigación Agropecuaria|2020|2023
370033|María Dolores, Los Angeles Ad.|Los Angeles|Del Biobío|-37.396944|-72.423888|Dirección Meteorológica de Chile|1941|2023
370036|El Huertón liceo agrícola, Los Ángeles|Los Angeles|Del Biobío|-37.456944|-72.274999|Dirección Meteorológica de Chile|2013|2023
370042|Coronel|Coronel|Del Biobío|-37.004722|-73.140277|Instituto de Investigación Agropecuaria|2019|2019
370044|Yungay|Yungay|De Ñuble|-37.141388|-72.011666|Instituto de Investigación Agropecuaria|2019|2023
370054|Lebu|Los Angeles|Del Biobío|-37.682499|-73.522221|Instituto de Investigación Agropecuaria|2019|2023
370061|Manzanares|Renaico|De La Araucanía|-37.772499|-72.54611|Instituto de Investigación Agropecuaria|2019|2023
370065|Cañete|Cañete|Del Biobío|-37.891944|-73.411666|Instituto de Investigación Agropecuaria|2019|2023
370067|Angol, Húsares|Angol|De La Araucanía|-37.795833|-72.684444|Dirección Meteorológica de Chile|2019|2023
370068|Los Angeles, Tierras Nobles|Los Angeles|Del Biobío|-37.441944|-72.617777|Fundación para el Desarrollo Frutícola|2020|2023
370069|Los Angeles|Los Angeles|Del Biobío|-37.447499|-72.517221|Fundación para el Desarrollo Frutícola|2020|2023
370070|Los Angeles, Las Viñas|Los Angeles|Del Biobío|-37.501388|-72.300555|Fundación para el Desarrollo Frutícola|2020|2023
370071|Mulchén, Negrete|Mulchén|Del Biobío|-37.595277|-72.466666|Fundación para el Desarrollo Frutícola|2020|2023
370072|Mulchén|Mulchén|Del Biobío|-37.703611|-72.216943|Fundación para el Desarrollo Frutícola|2020|2023
370073|Renaico|Renaico|De La Araucanía|-37.72611|-72.604722|Fundación para el Desarrollo Frutícola|2020|2023
370074|Las Puentes|Arauco|Del Biobío|-37.305|-73.436666|Instituto de Investigación Agropecuaria|2020|2022
370075|El Vergel|Angol|De La Araucanía|-37.827777|-72.659722|Instituto de Investigación Agropecuaria|2020|2023
380004|Isla Mocha|Lebu|Del Biobío|-38.375832|-73.870832|Armada de Chile|2020|2023
380009|Carillanca I.N.I.A.|Vilcún|De La Araucanía|-38.693055|-72.417221|Instituto de Investigación Agropecuaria|2020|2023
380013|Maquehue, Temuco Ad.|Temuco|De La Araucanía|-38.767777|-72.631943|Dirección Meteorológica de Chile|1941|2023
380018|Lonquimay|Lonquimay|De La Araucanía|-38.455|-71.361944|Dirección Meteorológica de Chile|2014|2023
380029|La Araucanía Ad.|Temuco|De La Araucanía|-38.934444|-72.653333|Dirección Meteorológica de Chile|2014|2023
380032|Rucamanque-UFRO|Temuco|De La Araucanía|-38.660833|-72.605555|Dirección Meteorológica de Chile|2016|2023
380033|Maquehue-UFRO|Temuco|De La Araucanía|-38.837777|-72.694444|Dirección Meteorológica de Chile|2015|2023
380034|La Isla|Purén|De La Araucanía|-38.029999|-72.981943|Instituto de Investigación Agropecuaria|2019|2023
380035|Surco y Semilla|Collipulli|De La Araucanía|-38.032499|-72.285277|Instituto de Investigación Agropecuaria|2019|2023
380041|Las Palmas|Victoria|De La Araucanía|-38.227777|-72.273332|Instituto de Investigación Agropecuaria|2019|2023
380042|Ponotro|Tirúa|Del Biobío|-38.275277|-73.49861|Instituto de Investigación Agropecuaria|2019|2023
380043|La Providencia|Traiguén|De La Araucanía|-38.291944|-72.611388|Instituto de Investigación Agropecuaria|2019|2023
380044|San Luis|Curacautín|De La Araucanía|-38.401666|-71.9025|Instituto de Investigación Agropecuaria|2019|2022
380046|San Fabián|Galvarino|De La Araucanía|-38.446388|-72.849444|Instituto de Investigación Agropecuaria|2019|2023
380049|Sta. Ines|Lautaro|De La Araucanía|-38.504722|-72.34361|Instituto de Investigación Agropecuaria|2019|2023
380051|Quiripio|Carahue|De La Araucanía|-38.639721|-73.244166|Instituto de Investigación Agropecuaria|2019|2023
380052|Perales|Cholchol|De La Araucanía|-38.663888|-72.808888|Instituto de Investigación Agropecuaria|2019|2023
380054|Tranapuente|Carahue|De La Araucanía|-38.690833|-73.353333|Instituto de Investigación Agropecuaria|2019|2023
380056|Marimenuco|Lonquimay|De La Araucanía|-38.731666|-71.140833|Instituto de Investigación Agropecuaria|2019|2023
380057|Sta. Adela|Nueva Imperial|De La Araucanía|-38.756111|-72.891388|Instituto de Investigación Agropecuaria|2019|2023
380059|El Membrillo|Melipeuco|De La Araucanía|-38.834166|-71.682499|Instituto de Investigación Agropecuaria|2019|2023
380061|Domínguez|Saavedra|De La Araucanía|-38.91861|-73.240277|Instituto de Investigación Agropecuaria|2019|2023
380062|C. Llollinco|Teodoro Schmidt|De La Araucanía|-38.976943|-72.997777|Instituto de Investigación Agropecuaria|2019|2022
380063|Victoria (Reg.)|Victoria|De La Araucanía|-38.228888|-72.343333|Dirección Meteorológica de Chile|2019|2023
380064|Collipulli|Collipulli|De La Araucanía|-38.001111|-72.245555|Fundación para el Desarrollo Frutícola|2020|2023
380065|Traiguén|Traiguén|De La Araucanía|-38.357222|-72.547499|Fundación para el Desarrollo Frutícola|2020|2023
380066|Traiguén, Galvarino|Galvarino|De La Araucanía|-38.359166|-72.709722|Fundación para el Desarrollo Frutícola|2020|2023
380067|Nueva Imperial (FDF)|Nueva Imperial|De La Araucanía|-38.761388|-72.877499|Fundación para el Desarrollo Frutícola|2020|2023
380068|Freire, Los Quilantos|Freire|De La Araucanía|-38.908333|-72.798333|Fundación para el Desarrollo Frutícola|2020|2023
380069|Freire|Freire|De La Araucanía|-38.971388|-72.784166|Fundación para el Desarrollo Frutícola|2020|2023
380070|Teodoro Schmidt, Pocoyan|Teodoro Schmidt|De La Araucanía|-38.992499|-73.098888|Fundación para el Desarrollo Frutícola|2020|2023
380071|Freire, Allipén|Freire|De La Araucanía|-38.999721|-72.52111|Fundación para el Desarrollo Frutícola|2020|2023
380072|San Rafael|Los Sauces|De La Araucanía|-38.070554|-72.724166|Instituto de Investigación Agropecuaria|2020|2023
380073|Gaby Ranquilco|Lumaco|De La Araucanía|-38.116943|-72.88361|Instituto de Investigación Agropecuaria|2020|2023
380074|Pailahueque|Ercilla|De La Araucanía|-38.145555|-72.298333|Instituto de Investigación Agropecuaria|2020|2023
380075|San Sebastián|Perquenco|De La Araucanía|-38.434999|-72.398888|Instituto de Investigación Agropecuaria|2020|2023
380076|Collimallin|Temuco|De La Araucanía|-38.606666|-72.701111|Instituto de Investigación Agropecuaria|2020|2023
380077|Taplón|Padre Las Casas|De La Araucanía|-38.833054|-72.506388|Instituto de Investigación Agropecuaria|2020|2023
380078|El Quincho|Cunco|De La Araucanía|-38.913055|-72.18361|Instituto de Investigación Agropecuaria|2020|2023
380079|Radal|Freire|De La Araucanía|-38.985555|-72.381666|Instituto de Investigación Agropecuaria|2020|2023
380080|Lequecahue Tirúa Ad.|Tirúa|Del Biobío|-38.359444|-73.488333|Dirección Meteorológica de Chile|2021|2023
380901|Victoria Ad.|Victoria|De La Araucanía|-38.247221|-72.347499|Dirección Meteorológica de Chile|1952|1954
390003|Loncoche comisaría|Loncoche|De La Araucanía|-39.372221|-72.635555|Dirección Meteorológica de Chile|1952|1953
390006|Pichoy, Valdivia Ad.|Mariquina|De Los Ríos|-39.656666|-73.087221|Dirección Meteorológica de Chile|1966|2023
390008|Valdivia, Radio Est. FACH.|Valdivia|De Los Ríos|-39.819999|-72.239444|Dirección Meteorológica de Chile|1941|1969
390015|Isla Teja  (Universidad Austral Valdivia)|Valdivia|De Los Ríos|-39.799444|-73.258333|Dirección Meteorológica de Chile|2017|2020
390020|Ad. Las Marías, Valdivia|Valdivia|De Los Ríos|-39.798888|-73.244166|Dirección Meteorológica de Chile|1985|2000
390028|Villarrica|Villarrica|De La Araucanía|-39.189999|-72.112222|Dirección Meteorológica de Chile|2016|2023
390029|Panguipulli|Panguipulli|De Los Ríos|-39.634444|-72.343888|Dirección Meteorológica de Chile|2016|2023
390034|Cuarta Faja|Gorbea|De La Araucanía|-39.115555|-72.605277|Instituto de Investigación Agropecuaria|2019|2023
390035|Huiscapi|Villarrica|De La Araucanía|-39.263333|-72.398888|Instituto de Investigación Agropecuaria|2019|2023
390036|Puala|Curarrehue|De La Araucanía|-39.381943|-71.572499|Instituto de Investigación Agropecuaria|2019|2023
390038|Santa Carla|Panguipulli|De Los Ríos|-39.679443|-72.611388|Instituto de Investigación Agropecuaria|2019|2023
390039|Las Lomas|Máfil|De Los Ríos|-39.700833|-73.014722|Instituto de Investigación Agropecuaria|2019|2023
390040|Estación Experimental Austral|Valdivia|De Los Ríos|-39.787499|-73.234444|Instituto de Investigación Agropecuaria|2019|2023
390043|Corral ESSAL|Corral|De Los Ríos|-39.888055|-73.423888|Dirección Meteorológica de Chile|2018|2023
390044|Cunco|Cunco|De La Araucanía|-39.006944|-72.251666|Fundación para el Desarrollo Frutícola|2020|2023
390045|Gorbea (FDF)|Gorbea|De La Araucanía|-39.103055|-72.615277|Fundación para el Desarrollo Frutícola|2020|2023
390046|Loncoche, Pucón|Pucón|De La Araucanía|-39.356111|-71.768332|Fundación para el Desarrollo Frutícola|2020|2023
390047|Loncoche|Loncoche|De La Araucanía|-39.393333|-72.636666|Fundación para el Desarrollo Frutícola|2020|2023
390048|Villarrica, Vida Nueva|Villarrica|De La Araucanía|-39.196388|-72.261388|Fundación para el Desarrollo Frutícola|2020|2023
390049|Mariquina|Mariquina|De Los Ríos|-39.620832|-73.073332|Fundación para el Desarrollo Frutícola|2020|2023
390050|Máfil|Máfil|De Los Ríos|-39.631943|-72.949721|Fundación para el Desarrollo Frutícola|2020|2023
390051|Faja Maisán|Pitrufquén|De La Araucanía|-39.07111|-72.921943|Instituto de Investigación Agropecuaria|2020|2023
390052|Los Arrayanes|Toltén|De La Araucanía|-39.165277|-73.133054|Instituto de Investigación Agropecuaria|2020|2023
390053|San Enrique|Pucón|De La Araucanía|-39.261666|-71.868054|Instituto de Investigación Agropecuaria|2020|2023
390054|La Paz|Loncoche|De La Araucanía|-39.428054|-72.71861|Instituto de Investigación Agropecuaria|2020|2023
400009|Cañal Bajo,  Osorno Ad.|Osorno|De Los Lagos|-40.614444|-73.0575|Dirección Meteorológica de Chile|1952|2023
400011|Remehue I.N.I.A.|Osorno|De Los Lagos|-40.522221|-73.063611|Instituto de Investigación Agropecuaria|2019|2023
400013|Juan Kalt Bode (Fundación Adolfo Matthei)|Osorno|De Los Lagos|-40.590555|-73.112222|Dirección Meteorológica de Chile|2016|2023
400027|La Pampa I.N.I.A.|Purrangue|De Los Lagos|-40.860555|-73.156944|Instituto de Investigación Agropecuaria|2019|2023
400033|San Juan de la Costa, Bahía Mansa|San Juan de la Costa|De Los Lagos|-40.586666|-73.735277|Dirección Meteorológica de Chile|2017|2023
400034|Lago Verde|Paillaco|De Los Ríos|-40.165|-72.633888|Instituto de Investigación Agropecuaria|2019|2023
400035|Palermo|La Unión|De Los Ríos|-40.259166|-73.106666|Instituto de Investigación Agropecuaria|2019|2023
400037|Quilacahuin|San Pablo|De Los Lagos|-40.348055|-73.3075|Instituto de Investigación Agropecuaria|2019|2023
400039|El Cardal|Río Bueno|De Los Ríos|-40.386666|-72.919166|Instituto de Investigación Agropecuaria|2019|2023
400041|Rucatayo|Río Bueno|De Los Ríos|-40.598888|-72.586666|Instituto de Investigación Agropecuaria|2019|2023
400044|Desague Rupanco|Puyehue|De Los Lagos|-40.752777|-72.663888|Instituto de Investigación Agropecuaria|2019|2023
400047|Octay|Puerto Octay|De Los Lagos|-40.957222|-72.885555|Instituto de Investigación Agropecuaria|2019|2023
400048|Paillaco Norte|Paillaco|De Los Ríos|-40.045833|-72.901388|Fundación para el Desarrollo Frutícola|2020|2023
400049|Paillaco|Paillaco|De Los Ríos|-40.096388|-72.926666|Fundación para el Desarrollo Frutícola|2020|2023
400050|La Unión Norte|La Unión|De Los Ríos|-40.28861|-73.071388|Fundación para el Desarrollo Frutícola|2020|2023
400051|La Unión|Valdivia|De Los Ríos|-40.316666|-73.024166|Fundación para el Desarrollo Frutícola|2020|2023
400052|La Unión, Río Bueno|Río Bueno|De Los Ríos|-40.323054|-72.979721|Fundación para el Desarrollo Frutícola|2020|2023
400053|La Unión, Contra Coronel|Río Bueno|De Los Ríos|-40.338888|-72.978332|Fundación para el Desarrollo Frutícola|2020|2023
400054|Osorno (FDF)|Osorno|De Los Lagos|-40.533333|-73.072499|Fundación para el Desarrollo Frutícola|2020|2023
400055|Río Negro|Río Negro|De Los Lagos|-40.764722|-73.151944|Fundación para el Desarrollo Frutícola|2020|2023
400056|Purranque|Purrangue|De Los Lagos|-40.879443|-73.0525|Fundación para el Desarrollo Frutícola|2020|2023
400057|Huacamapu|San Juan de la Costa|De Los Lagos|-40.659166|-73.491666|Instituto de Investigación Agropecuaria|2020|2023
410005|El Tepual  Puerto Montt Ap.|Puerto Montt|De Los Lagos|-41.447499|-73.095833|Dirección Meteorológica de Chile|1963|2023
410007|Punta Corona faro|Ancud|De Los Lagos|-41.784166|-73.879999|Armada de Chile|2020|2023
410009|Ancud Pupelde Ad.|Ancud|De Los Lagos|-41.904166|-73.793055|Dirección Meteorológica de Chile|1954|2004
410026|Ancud Liceo Agrícola|Ancud|De Los Lagos|-41.866111|-73.816388|Dirección Meteorológica de Chile|2015|2023
410027|Escuela Mirasol, Puerto Montt|Puerto Montt|De Los Lagos|-41.479443|-72.968888|Dirección Meteorológica de Chile|2017|2023
410028|Quilanto|Frutillar |De Los Lagos|-41.030554|-72.99611|Instituto de Investigación Agropecuaria|2019|2023
410030|Polizones|Fresia|De Los Lagos|-41.115277|-73.376666|Instituto de Investigación Agropecuaria|2019|2022
410031|Colegual|Llanquihue|De Los Lagos|-41.221943|-73.259722|Instituto de Investigación Agropecuaria|2019|2023
410032|Ensenada|Puerto Varas|De Los Lagos|-41.233333|-72.516111|Instituto de Investigación Agropecuaria|2019|2023
410036|Los Canelos|Los Muermos|De Los Lagos|-41.481388|-73.474443|Instituto de Investigación Agropecuaria|2019|2022
410040|Puerto Varas ESSAL|Puerto Varas|De Los Lagos|-41.324443|-72.976666|Dirección Meteorológica de Chile|2018|2023
410041|Carelmapu|Maullín|De Los Lagos|-41.709722|-73.672221|Instituto de Investigación Agropecuaria|2020|2023
410901|Chamiza Puerto Montt Ad.|Puerto Montt|De Los Lagos|-41.482777|-72.840555|Dirección Meteorológica de Chile|1941|1963
410924|Ancud Pudeto|Ancud|De Los Lagos|-41.883333|-73.8|Dirección Meteorológica de Chile|1952|1953
420001|Castro Ad.|Castro|De Los Lagos|-42.488333|-73.774443|Dirección Meteorológica de Chile|1954|1990
420004|Chaitén, Ad.|Puerto Montt|De Los Lagos|-42.930277|-72.700833|Dirección Meteorológica de Chile|1965|2008
420011|Segundo Corral Ad.|Cochamó|De Los Lagos|-42.074721|-71.864722|Dirección Meteorológica de Chile|1993|2000
420014|Mocopulli Ad.|Castro|De Los Lagos|-42.346666|-73.715|Dirección Meteorológica de Chile|2012|2023
420015|Nueva Chaitén|Chaitén|De Los Lagos|-42.785277|-72.834999|Dirección Meteorológica de Chile|2018|2023
420016|Butalcura|Dalcahue|De Los Lagos|-42.261666|-73.650833|Instituto de Investigación Agropecuaria|2019|2023
420017|Huyar Alto|Curaco de Veléz|De Los Lagos|-42.403888|-73.568054|Instituto de Investigación Agropecuaria|2019|2023
420019|Tara|Chonchi|De Los Lagos|-42.703611|-73.78861|Instituto de Investigación Agropecuaria|2019|2023
420020|Tenaún|Dalcahue|De Los Lagos|-42.312777|-73.399721|Instituto de Investigación Agropecuaria|2020|2023
420021|Pid Pid|Castro|De Los Lagos|-42.411666|-73.783888|Instituto de Investigación Agropecuaria|2020|2023
420022|Quilquico|Castro|De Los Lagos|-42.491388|-73.708888|Instituto de Investigación Agropecuaria|2020|2023
420023|Isla Chelín|Chonchi|De Los Lagos|-42.589166|-73.532777|Instituto de Investigación Agropecuaria|2020|2023
420024|Tara|Chonchi|De Los Lagos|-42.703611|-73.78861|Instituto de Investigación Agropecuaria|2020|2023
430001|Quellón Ad.|Quellón|De Los Lagos|-43.13361|-73.632777|Dirección Meteorológica de Chile|1952|2023
430002|Futaleufú Ad.|Futaleufú|De Los Lagos|-43.188888|-71.852222|Dirección Meteorológica de Chile|1953|2023
430003|Isla Guafo faro|Quellón|De Los Lagos|-43.566666|-74.827499|Armada de Chile|2020|2023
430004|Alto Palena Ad.|Palena|De Los Lagos|-43.611666|-71.801388|Dirección Meteorológica de Chile|1955|2023
430009|Melinka Ad.|Aisén|Aysén del Gral. Carlos Ibáñez del Campo|-43.897777|-73.739444|Dirección Meteorológica de Chile|2014|2023
430012|La Junta INIA|Cisnes|Aysén del Gral. Carlos Ibáñez del Campo|-43.916943|-72.387221|Instituto de Investigación Agropecuaria|2019|2023
440004|Cisnes Puyuhuapi|Cisnes|Aysén del Gral. Carlos Ibáñez del Campo|-44.323332|-72.555277|Dirección Meteorológica de Chile|2016|2022
450001|Puerto Aysén Ad.|Aisén|Aysén del Gral. Carlos Ibáñez del Campo|-45.399444|-72.677221|Dirección Meteorológica de Chile|1955|2023
450004|Teniente Vidal, Coyhaique Ad.|Coihaique|Aysén del Gral. Carlos Ibáñez del Campo|-45.590833|-72.102222|Dirección Meteorológica de Chile|1946|2023
450005|Balmaceda Ad.|Coihaique|Aysén del Gral. Carlos Ibáñez del Campo|-45.918332|-71.677777|Dirección Meteorológica de Chile|1952|2023
450019|El Claro|Coihaique|Aysén del Gral. Carlos Ibáñez del Campo|-45.58111|-72.092221|Instituto de Investigación Agropecuaria|2019|2023
450020|Tamelaike|Coihaique|Aysén del Gral. Carlos Ibáñez del Campo|-45.759166|-72.061944|Instituto de Investigación Agropecuaria|2019|2023
450021|Vista Hermosa|Coihaique|Aysén del Gral. Carlos Ibáñez del Campo|-45.936944|-71.835277|Instituto de Investigación Agropecuaria|2019|2023
450025|Arroyo el Gato|Coihaique|Aysén del Gral. Carlos Ibáñez del Campo|-45.162777|-71.94361|Instituto de Investigación Agropecuaria|2020|2023
450026|Ñirehuao|Coihaique|Aysén del Gral. Carlos Ibáñez del Campo|-45.249721|-71.694166|Instituto de Investigación Agropecuaria|2020|2023
460001|Chile Chico Ad.|Chile Chico|Aysén del Gral. Carlos Ibáñez del Campo|-46.584999|-71.685277|Dirección Meteorológica de Chile|1952|2023
460002|Cabo Raper faro|Aisén|Aysén del Gral. Carlos Ibáñez del Campo|-46.803333|-75.638055|Armada de Chile|2020|2023
460010|Chile Chico INIA|Chile Chico|Aysén del Gral. Carlos Ibáñez del Campo|-46.543333|-71.699166|Instituto de Investigación Agropecuaria|2019|2023
460013|Bajada Ibañez|Río Ibáñez|Aysén del Gral. Carlos Ibáñez del Campo|-46.180554|-72.043333|Instituto de Investigación Agropecuaria|2020|2023
460014|Puerto Ibáñez|Río Ibáñez|Aysén del Gral. Carlos Ibáñez del Campo|-46.278332|-71.941388|Instituto de Investigación Agropecuaria|2020|2022
470001|Lord Cochrane Ad.|Cochrane|Aysén del Gral. Carlos Ibáñez del Campo|-47.243888|-72.582499|Dirección Meteorológica de Chile|1970|2023
470002|Isla San Pedro, Armada|Tortel|Aysén del Gral. Carlos Ibáñez del Campo|-47.699166|-74.864444|Armada de Chile|2021|2023
470007|Cochrane|Cochrane|Aysén del Gral. Carlos Ibáñez del Campo|-47.241666|-72.582221|Instituto de Investigación Agropecuaria|2019|2023
480002|"Villa O""Higgins subcomisaría"|Cisnes|Aysén del Gral. Carlos Ibáñez del Campo|-48.471388|-72.560277|Dirección Meteorológica de Chile|2013|2023
490001|Puerto Edén|Natales|Magallanes y de la Antártica Chilena|-49.134721|-74.405555|Dirección Meteorológica de Chile|1952|1954
510005|Teniente Gallardo, Puerto Natales Ad.|Natales|Magallanes y de la Antártica Chilena|-51.667221|-72.528888|Dirección Meteorológica de Chile|1990|2023
510011|Cerro Castillo  INIA|Natales|Magallanes y de la Antártica Chilena|-51.176943|-72.435833|Instituto de Investigación Agropecuaria|2019|2023
510017|Puerto Natales INIA|Porvenir|Magallanes y de la Antártica Chilena|-51.698333|-72.483054|Instituto de Investigación Agropecuaria|2019|2023
520002|Punta Dungenes faro|San Gregorio|Magallanes y de la Antártica Chilena|-52.394999|-68.431388|Armada de Chile|2021|2023
520003|Evangelistas faro|Punta Arenas|Magallanes y de la Antártica Chilena|-52.386944|-75.096666|Armada de Chile|2021|2023
520006|Carlos Ibañez, Punta Arenas Ap.|Punta Arenas|Magallanes y de la Antártica Chilena|-53.001666|-70.83861|Dirección Meteorológica de Chile|1964|2023
520011|Kampenaike|Natales|Magallanes y de la Antártica Chilena|-52.611944|-70.943333|Instituto de Investigación Agropecuaria|2019|2023
520012|Instituto de la Patagonia (Jorge Schytte)|Punta Arenas|Magallanes y de la Antártica Chilena|-53.129999|-70.887499|Dirección Meteorológica de Chile|2016|2023
520014|Punta Arenas Unidad Aeropolicial|Punta Arenas|Magallanes y de la Antártica Chilena|-53.152777|-70.926388|Dirección Meteorológica de Chile|2016|2023
520015|Magallanes Villa Tehuelche|Laguna Blanca|Magallanes y de la Antártica Chilena|-52.428888|-71.416111|Dirección Meteorológica de Chile|2016|2023
520027|Tierra del Fuego|Primavera|Magallanes y de la Antártica Chilena|-52.805555|-69.27361|Instituto de Investigación Agropecuaria|2020|2023
520030|Cerro Sombrero, Estrecho de Magallanes|Primavera|Magallanes y de la Antártica Chilena|-52.776388|-69.294721|Dirección Meteorológica de Chile|2019|2023
520031|Estancia 5 de Enero|San Gregorio|Magallanes y de la Antártica Chilena|-52.432499|-70.360555|Instituto de Investigación Agropecuaria|2020|2023
530004|Monseñor Fagnano Punta Arenas|Punta Arenas|Magallanes y de la Antártica Chilena|-53.159722|-70.910277|Dirección Meteorológica de Chile|1970|2018
530005|Fuentes Martínez, Porvenir Ad.|Porvenir|Magallanes y de la Antártica Chilena|-53.253611|-70.32611|Dirección Meteorológica de Chile|1985|2023
530008|Escuela Alberto Hurtado|Punta Arenas|Magallanes y de la Antártica Chilena|-53.166943|-70.945277|Dirección Meteorológica de Chile|2015|2022
530010|Isla Riesco|Río Verde|Magallanes y de la Antártica Chilena|-53.030554|-71.93361|Instituto de Investigación Agropecuaria|2019|2023
530011|Punta Arenas Rural|Punta Arenas|Magallanes y de la Antártica Chilena|-53.068332|-70.873888|Instituto de Investigación Agropecuaria|2019|2023
530029|Estancia Zenia|Porvenir|Magallanes y de la Antártica Chilena|-53.319443|-69.698055|Instituto de Investigación Agropecuaria|2020|2023
540008|Pampa Guanaco, Tierra del Fuego|Timaukel|Magallanes y de la Antártica Chilena|-54.050833|-68.803888|Dirección Meteorológica de Chile|2018|2023
550001|Guardiamarina Zañartu, Pto Williams Ad.|Cabo de Hornos (Ex-Navarino)|Magallanes y de la Antártica Chilena|-54.931666|-67.615555|Dirección Meteorológica de Chile|1968|2023
550002|Cabo de Hornos|Cabo de Hornos (Ex-Navarino)|Magallanes y de la Antártica Chilena|-55.970277|-67.287777|Armada de Chile|2021|2023
560002|Diego Ramírez|Cabo de Hornos (Ex-Navarino)|Magallanes y de la Antártica Chilena|-56.506388|-68.729166|Armada de Chile|2021|2023
950001|C.M.A. Eduardo Frei Montalva, Antártica|Antártica|Magallanes y de la Antártica Chilena|-62.191944|-58.979721|Dirección Meteorológica de Chile|1970|2023
950002|Arturo Prat, Base Antártica|Antártica|Magallanes y de la Antártica Chilena|-62.47861|-59.664166|Armada de Chile|1958|2023
950003|Bernardo O`Higgins, Base Antártica|Antártica|Magallanes y de la Antártica Chilena|-63.320832|-57.899444|Dirección Meteorológica de Chile|1953|2023
950006|Antártica, Bahía Fildes Gobernación Marítima|Antártica|Magallanes y de la Antártica Chilena|-62.201388|-58.963611|Armada de Chile|2017|2023
950901|Antártica, Base Gabriel Gonzalez Videla|Antártica|Magallanes y de la Antártica Chilena|-64.824166|-62.858055|Armada de Chile|2017|2023
